SNP,Score,Pval,Flag
rs2965169,10,5.185e-36,Lead
rs7255063,10,7.49e-19,Lead
rs1160984,10,2.26e-16,Lead
rs440277,10,3.032e-15,Lead
rs543293,9.31715491960465,2.409e-14,Lead
rs412776,8.01956382299067,4.78e-13,Lead
rs8111069,7.4881383542874,1.625e-12,Lead
rs11824734,7.10052951912713,3.967e-12,Lead
rs7257610,6.33726388357542,2.3e-11,Lead
rs11218343,6.00211134789863,4.976e-11,Lead
rs3760627,5.0155844202614,4.824e-10,Lead
rs7929589,4.7544596982288,8.801e-10,Lead
rs10929009,3.84111669094861,7.209e-09,Lead
rs6934355,3.18285312863238,3.282e-08,Lead
rs12703526,2.85945079661994,6.911e-08,Lead
rs10498633,2.53256154204871,1.467e-07,Lead
rs12590273,2.20330851600846,3.131e-07,Lead
rs3112438,1.71500437906459,9.638e-07,Lead
rs2526378,1.61263135908866,1.22e-06,Lead
rs2077815,1.31284855403242,2.433e-06,Lead
rs3812406,1.2892264996327,2.569e-06,Lead
rs60635665,1.28168500111121,2.614e-06,Lead
rs10411314,1.27804516887926,2.636e-06,Lead
rs10410003,1.20581124695966,3.113e-06,Lead
rs3740686,1.19424769488963,3.197e-06,Lead
rs7258420,0.992015831559392,5.093e-06,Lead
rs6668266,0.936911121170406,5.782e-06,Lead
rs4752856,0.865395465008969,6.817e-06,Lead
rs1476679,0.829639424184254,7.402e-06,Lead
rs896817,0.820753969820751,7.555e-06,Lead
rs755553,0.811483593469876,7.718e-06,Lead
rs12597717,0.705463037745622,9.852e-06,Lead
rs11605672,0.690387118014774,1.02e-05,Lead
rs6024881,0.670009371761395,1.069e-05,Lead
rs4752999,0.63602886504526,1.156e-05,Lead
rs55949611,0.540924676123835,1.439e-05,Lead
rs2337138,0.502808711743122,1.571e-05,Lead
rs2457497,0.479399992726542,1.658e-05,Lead
rs2280231,0.434638230146971,1.838e-05,Lead
rs12251970,0.419316506508888,1.904e-05,Lead
rs10419669,0.401003850269579,1.986e-05,Lead
rs11118410,0.38280262637769,2.071e-05,Lead
rs17102763,0.356756940001547,2.199e-05,Lead
rs2303697,0.272306231421094,2.671e-05,Lead
rs6509179,0.268260123002651,2.696e-05,Lead
rs11604680,0.249501094853893,2.815e-05,Lead
rs117845581,0.192067039945604,3.213e-05,Lead
rs3852865,0.180200310035667,3.302e-05,Lead
rs4985416,0.178755895306509,3.313e-05,Lead
rs10921400,0.149360084071635,3.545e-05,Lead
rs7780766,0.107020191996265,3.908e-05,Lead
rs10208858,0.0906620528780033,4.058e-05,Lead
rs1799894,0.0881009909603607,4.082e-05,Lead
rs612719,0.0607832002206923,4.347e-05,Lead
rs12714315,0.0526668039896681,4.429e-05,Lead
rs10139925,0.0037512721867925,4.957e-05,Lead
